    <gare>      <train numero="t5560" type="TGV">        <voiture numero="v1">          <resa numero="r17" id="u55"/>          <resa numero="r18" id="u52"/>        </voiture>        <voiture numero="v2"/>        <voiture numero="v3"/>        <voiture numero="v4">          <bar service="froid uniquement"/>        </voiture>      </train>      <train numero="t6731">        <voiture numero="v1"/> 2        <voiture numero="v2">          <resa numero="r15" id="u55"/>        </voiture>      </train>      <usager id="u55" nom="Jean" prenom="Dufour"/>      <usager id="u52" nom="Brigitte" prenom="Lefebvre"/>      <usager id="u56" nom="Patrick" prenom="Subiran"/></gare>